"@odata.etag";"id";"bcptCode";"lineNumber";"tag";"version";"entryNumber";"startTime";"endTime";"codeunitID";"codeunitName";"sessionId";"operation";"message";"durationMin";"numberOfSQLStmts";"status"
"W/""JzIwOzEzMjgzNjg0MjQ4NjQxNzMyMDMxMTswMDsn""";"e0bbb4a6-c71c-ee11-9969-ce909011d161";"10USERTEST";"2000";"10UserTest";"1";"1";"07/07/2023 13.10.32";"07/07/2023 13.10.33";"60003";"BCPT Create PO with N Lines";"289";"Add Order";"";"920";"32";"Success"
"W/""JzE5OzQ2MDEyMTU5NTE2NjY5OTEzMjMxOzAwOyc=""";"e1bbb4a6-c71c-ee11-9969-ce909011d161";"10USERTEST";"2000";"10UserTest";"1";"2";"07/07/2023 13.10.34";"07/07/2023 13.10.35";"60003";"BCPT Create PO with N Lines";"289";"Enter Account No.";"";"910";"32";"Success"
"W/""JzE5OzQxOTA0MTA2MTY5Mzg3MDk1MTAxOzAwOyc=""";"e3bbb4a6-c71c-ee11-9969-ce909011d161";"10USERTEST";"1000";"10UserTest";"1";"3";"07/07/2023 13.10.29";"07/07/2023 13.10.39";"60007";"BCPT Detail Trial Bal. Report";"286";"Scenario";"";"10606";"116";"Success"
"W/""JzIwOzE0MzU2MTQyOTQzNzMwNjMwMzAzMTswMDsn""";"e7bbb4a6-c71c-ee11-9969-ce909011d161";"10USERTEST";"3000";"10UserTest";"1";"4";"07/07/2023 13.10.41";"07/07/2023 13.10.41";"60005";"BCPT Create SQ with N Lines";"291";"Add Order";"";"215";"30";"Success"
"W/""JzIwOzE1NzcyNzQ4NjExNzQzMTUxNjY2MTswMDsn""";"4ff0adac-c71c-ee11-9969-ce909011d161";"10USERTEST";"4000";"10UserTest";"1";"5";"07/07/2023 13.10.42";"07/07/2023 13.10.42";"60004";"BCPT Create SO with N Lines";"293";"Add Order";"";"39";"25";"Success"
"W/""JzE5Ozg3MDA1MTg5NzI4MjIyNjUyMjcxOzAwOyc=""";"50f0adac-c71c-ee11-9969-ce909011d161";"10USERTEST";"3000";"10UserTest";"1";"6";"07/07/2023 13.10.42";"07/07/2023 13.10.43";"60005";"BCPT Create SQ with N Lines";"291";"Enter Account No.";"";"229";"35";"Success"
"W/""JzIwOzEwNTkwNDc2MTIxNjgyNzQ1MzA5MTswMDsn""";"51f0adac-c71c-ee11-9969-ce909011d161";"10USERTEST";"4000";"10UserTest";"1";"7";"07/07/2023 13.10.43";"07/07/2023 13.10.43";"60004";"BCPT Create SO with N Lines";"293";"Enter Account No.";"";"25";"11";"Success"
"W/""JzE5Ozk4OTU2NTY2OTA0OTEwNTAxODgxOzAwOyc=""";"55f0adac-c71c-ee11-9969-ce909011d161";"10USERTEST";"4000";"10UserTest";"1";"8";"07/07/2023 13.10.45";"07/07/2023 13.10.45";"60004";"BCPT Create SO with N Lines";"293";"Enter Line Item No.";"";"42";"10";"Success"
"W/""JzE5Ozg0OTY1NjkzMTk0MTQyMjY0MjUxOzAwOyc=""";"57f0adac-c71c-ee11-9969-ce909011d161";"10USERTEST";"4000";"10UserTest";"1";"9";"07/07/2023 13.10.45";"07/07/2023 13.10.45";"60004";"BCPT Create SO with N Lines";"293";"Enter Line Quantity";"";"16";"12";"Success"
"W/""JzE4OzE2MzM1MjYwOTAyODk1OTM2MDE7MDA7Jw==""";"c633b9b2-c71c-ee11-9969-ce909011d161";"10USERTEST";"2000";"10UserTest";"1";"10";"07/07/2023 13.10.52";"07/07/2023 13.10.52";"60003";"BCPT Create PO with N Lines";"289";"Enter Line Item No.";"";"6";"3";"Success"
"W/""JzE5OzM0ODYzNjI5NTcyMTUyNTM3NzAxOzAwOyc=""";"c733b9b2-c71c-ee11-9969-ce909011d161";"10USERTEST";"3000";"10UserTest";"1";"11";"07/07/2023 13.10.53";"07/07/2023 13.10.53";"60005";"BCPT Create SQ with N Lines";"291";"Enter Line Item No.";"";"6";"4";"Success"
"W/""JzE5OzY3NTkwNTQ2NjU1MjE4ODEzMjIxOzAwOyc=""";"c933b9b2-c71c-ee11-9969-ce909011d161";"10USERTEST";"2000";"10UserTest";"1";"12";"07/07/2023 13.10.53";"07/07/2023 13.10.53";"60003";"BCPT Create PO with N Lines";"289";"Enter Line Quantity";"";"7";"6";"Success"
"W/""JzE5OzU5NDMxNTAxOTMzMTQzMTEzNjMxOzAwOyc=""";"ca33b9b2-c71c-ee11-9969-ce909011d161";"10USERTEST";"3000";"10UserTest";"1";"13";"07/07/2023 13.10.53";"07/07/2023 13.10.53";"60005";"BCPT Create SQ with N Lines";"291";"Enter Line Quantity";"";"29";"12";"Success"
"W/""JzE5OzU5MzI5MzI0ODAzMTA1ODIzNTExOzAwOyc=""";"cb33b9b2-c71c-ee11-9969-ce909011d161";"10USERTEST";"3000";"10UserTest";"1";"14";"07/07/2023 13.10.41";"07/07/2023 13.10.53";"60005";"BCPT Create SQ with N Lines";"291";"Scenario";"";"1867";"348";"Success"
"W/""JzIwOzExNjY1OTI1NTAyMTg0NTYwNTgxMTswMDsn""";"cc33b9b2-c71c-ee11-9969-ce909011d161";"10USERTEST";"2000";"10UserTest";"1";"15";"07/07/2023 13.10.32";"07/07/2023 13.10.54";"60003";"BCPT Create PO with N Lines";"289";"Scenario";"";"6382";"332";"Success"
"W/""JzE5OzI3ODgwMTU2MTI0MzA4NDE4OTkxOzAwOyc=""";"cd33b9b2-c71c-ee11-9969-ce909011d161";"10USERTEST";"1000";"10UserTest";"1";"16";"07/07/2023 13.10.49";"07/07/2023 13.10.54";"60007";"BCPT Detail Trial Bal. Report";"286";"Scenario";"";"4535";"5";"Success"
"W/""JzIwOzE3MTM5Mzc3MzUyODcxMTA3NzY1MTswMDsn""";"d233b9b2-c71c-ee11-9969-ce909011d161";"10USERTEST";"3000";"10UserTest";"1";"17";"07/07/2023 13.10.58";"07/07/2023 13.10.58";"60005";"BCPT Create SQ with N Lines";"291";"Add Order";"";"10";"10";"Success"
"W/""JzIwOzEzNTM5MDgzMDUyODgwMDcwMzMzMTswMDsn""";"d633b9b2-c71c-ee11-9969-ce909011d161";"10USERTEST";"2000";"10UserTest";"1";"18";"07/07/2023 13.10.59";"07/07/2023 13.10.59";"60003";"BCPT Create PO with N Lines";"289";"Add Order";"";"10";"11";"Success"
"W/""JzIwOzEzNTUwNjQ5NzMxNDQwNTMyNTk2MTswMDsn""";"d733b9b2-c71c-ee11-9969-ce909011d161";"10USERTEST";"3000";"10UserTest";"1";"19";"07/07/2023 13.10.59";"07/07/2023 13.10.59";"60005";"BCPT Create SQ with N Lines";"291";"Enter Account No.";"";"11";"11";"Success"
"W/""JzIwOzE3NDAwNzkyODE0MjY1NDk1ODQ4MTswMDsn""";"d933b9b2-c71c-ee11-9969-ce909011d161";"10USERTEST";"2000";"10UserTest";"1";"20";"07/07/2023 13.11.00";"07/07/2023 13.11.00";"60003";"BCPT Create PO with N Lines";"289";"Enter Account No.";"";"11";"8";"Success"
"W/""JzIwOzE3MjMwODUzMzYzMTM1Njc5NDkwMTswMDsn""";"e5a9e3b8-c71c-ee11-9969-ce909011d161";"10USERTEST";"4000";"10UserTest";"1";"21";"07/07/2023 13.10.42";"07/07/2023 13.11.03";"60004";"BCPT Create SO with N Lines";"293";"Scenario";"";"693";"391";"Success"
"W/""JzE5OzI1Njc1MzAwOTE5ODI4NTg2NjExOzAwOyc=""";"eca9e3b8-c71c-ee11-9969-ce909011d161";"10USERTEST";"1000";"10UserTest";"1";"22";"07/07/2023 13.11.04";"07/07/2023 13.11.08";"60007";"BCPT Detail Trial Bal. Report";"286";"Scenario";"";"4349";"5";"Success"
"W/""JzIwOzEyOTQ4NjU2NzAyOTc1OTEzMTk2MTswMDsn""";"f0a9e3b8-c71c-ee11-9969-ce909011d161";"10USERTEST";"4000";"10UserTest";"1";"23";"07/07/2023 13.11.08";"07/07/2023 13.11.08";"60004";"BCPT Create SO with N Lines";"293";"Add Order";"";"11";"9";"Success"
"W/""JzE5OzM4MzEwMDk3NjM4MzU4NDM4OTgxOzAwOyc=""";"f2a9e3b8-c71c-ee11-9969-ce909011d161";"10USERTEST";"3000";"10UserTest";"1";"24";"07/07/2023 13.11.09";"07/07/2023 13.11.09";"60005";"BCPT Create SQ with N Lines";"291";"Enter Line Item No.";"";"7";"4";"Success"
"W/""JzIwOzEyNDYyODczMDIwNjQxMzA4MzM0MTswMDsn""";"f3a9e3b8-c71c-ee11-9969-ce909011d161";"10USERTEST";"4000";"10UserTest";"1";"25";"07/07/2023 13.11.09";"07/07/2023 13.11.09";"60004";"BCPT Create SO with N Lines";"293";"Enter Account No.";"";"26";"11";"Success"
"W/""JzIwOzE2MzI3NTAzMTY5NDY2NzY3NDk3MTswMDsn""";"f5a9e3b8-c71c-ee11-9969-ce909011d161";"10USERTEST";"3000";"10UserTest";"1";"26";"07/07/2023 13.11.10";"07/07/2023 13.11.10";"60005";"BCPT Create SQ with N Lines";"291";"Enter Line Quantity";"";"16";"12";"Success"
"W/""JzE5Ozc3NzU4MDY5MjM2Mjk2MjcyMzcxOzAwOyc=""";"f6a9e3b8-c71c-ee11-9969-ce909011d161";"10USERTEST";"3000";"10UserTest";"1";"27";"07/07/2023 13.10.58";"07/07/2023 13.11.10";"60005";"BCPT Create SQ with N Lines";"291";"Scenario";"";"287";"233";"Success"
"W/""JzIwOzE4NDQzODExODI3NDI4NjAxNDE5MTswMDsn""";"f8a9e3b8-c71c-ee11-9969-ce909011d161";"10USERTEST";"4000";"10UserTest";"1";"28";"07/07/2023 13.11.11";"07/07/2023 13.11.11";"60004";"BCPT Create SO with N Lines";"293";"Enter Line Item No.";"";"8";"7";"Success"
"W/""JzIwOzE1ODE3MjMyNDg0Njg3NjgzOTQ5MTswMDsn""";"f9a9e3b8-c71c-ee11-9969-ce909011d161";"10USERTEST";"4000";"10UserTest";"1";"29";"07/07/2023 13.11.11";"07/07/2023 13.11.11";"60004";"BCPT Create SO with N Lines";"293";"Enter Line Quantity";"";"12";"12";"Success"
"W/""JzIwOzEwMzc3NjUwODA4NTIwNzgzNzkyMTswMDsn""";"8ce255bf-c71c-ee11-9969-ce909011d161";"10USERTEST";"3000";"10UserTest";"1";"30";"07/07/2023 13.11.15";"07/07/2023 13.11.15";"60005";"BCPT Create SQ with N Lines";"291";"Add Order";"";"7";"8";"Success"
"W/""JzE5OzE4NjczMDY1NTc5MzczMTkxNjAxOzAwOyc=""";"8ee255bf-c71c-ee11-9969-ce909011d161";"10USERTEST";"3000";"10UserTest";"1";"31";"07/07/2023 13.11.15";"07/07/2023 13.11.15";"60005";"BCPT Create SQ with N Lines";"291";"Enter Account No.";"";"11";"10";"Success"
"W/""JzE5OzEyMzcwMzgzNjYwMDE3ODc5ODQxOzAwOyc=""";"90e255bf-c71c-ee11-9969-ce909011d161";"10USERTEST";"2000";"10UserTest";"1";"32";"07/07/2023 13.11.16";"07/07/2023 13.11.16";"60003";"BCPT Create PO with N Lines";"289";"Enter Line Item No.";"";"7";"3";"Success"
"W/""JzIwOzE3NTA2MzkwNTM0NDAxMTQyOTIyMTswMDsn""";"92e255bf-c71c-ee11-9969-ce909011d161";"10USERTEST";"2000";"10UserTest";"1";"33";"07/07/2023 13.11.17";"07/07/2023 13.11.17";"60003";"BCPT Create PO with N Lines";"289";"Enter Line Quantity";"";"9";"6";"Success"
"W/""JzE5OzI4MTU3MTQ4MDIyMDgzNTg3NDUxOzAwOyc=""";"94e255bf-c71c-ee11-9969-ce909011d161";"10USERTEST";"2000";"10UserTest";"1";"34";"07/07/2023 13.10.59";"07/07/2023 13.11.17";"60003";"BCPT Create PO with N Lines";"289";"Scenario";"";"387";"213";"Success"
"W/""JzE5Ozk0NTgyNTI4Nzc5ODY1MTEyNTYxOzAwOyc=""";"9ee255bf-c71c-ee11-9969-ce909011d161";"10USERTEST";"2000";"10UserTest";"1";"35";"07/07/2023 13.11.22";"07/07/2023 13.11.22";"60003";"BCPT Create PO with N Lines";"289";"Add Order";"";"11";"9";"Success"
"W/""JzIwOzE1NDQ2MzkwNzg1NTYyMjEwNTI1MTswMDsn""";"9fe255bf-c71c-ee11-9969-ce909011d161";"10USERTEST";"2000";"10UserTest";"1";"36";"07/07/2023 13.11.22";"07/07/2023 13.11.22";"60003";"BCPT Create PO with N Lines";"289";"Enter Account No.";"";"7";"8";"Success"
"W/""JzE5OzE4NzAzNTM3OTczMTc3MTk5ODYxOzAwOyc=""";"a0e255bf-c71c-ee11-9969-ce909011d161";"10USERTEST";"1000";"10UserTest";"1";"37";"07/07/2023 13.11.18";"07/07/2023 13.11.22";"60007";"BCPT Detail Trial Bal. Report";"286";"Scenario";"";"4394";"5";"Success"
"W/""JzIwOzEwNjgxNzg5MjcwNjc0ODExNjQxMTswMDsn""";"5be8a9c5-c71c-ee11-9969-ce909011d161";"10USERTEST";"4000";"10UserTest";"1";"38";"07/07/2023 13.11.08";"07/07/2023 13.11.26";"60004";"BCPT Create SO with N Lines";"293";"Scenario";"";"498";"281";"Success"
"W/""JzIwOzExODgxNTI3NDAwNTkxNTgyMjA3MTswMDsn""";"5ee8a9c5-c71c-ee11-9969-ce909011d161";"10USERTEST";"3000";"10UserTest";"1";"39";"07/07/2023 13.11.27";"07/07/2023 13.11.27";"60005";"BCPT Create SQ with N Lines";"291";"Enter Line Item No.";"";"6";"4";"Success"
"W/""JzIwOzExMjkyNjM1NzI3NDk4NDAzMzY4MTswMDsn""";"5fe8a9c5-c71c-ee11-9969-ce909011d161";"10USERTEST";"3000";"10UserTest";"1";"40";"07/07/2023 13.11.27";"07/07/2023 13.11.27";"60005";"BCPT Create SQ with N Lines";"291";"Enter Line Quantity";"";"14";"12";"Success"
"W/""JzE5OzIzOTY2MzU1MDk4OTAyODc4MTgxOzAwOyc=""";"60e8a9c5-c71c-ee11-9969-ce909011d161";"10USERTEST";"3000";"10UserTest";"1";"41";"07/07/2023 13.11.15";"07/07/2023 13.11.27";"60005";"BCPT Create SQ with N Lines";"291";"Scenario";"";"352";"230";"Success"
"W/""JzE4Ozc3ODQ5NTI1NDIxODA4MDcwOTE7MDA7Jw==""";"66e8a9c5-c71c-ee11-9969-ce909011d161";"10USERTEST";"4000";"10UserTest";"1";"42";"07/07/2023 13.11.31";"07/07/2023 13.11.31";"60004";"BCPT Create SO with N Lines";"293";"Add Order";"";"10";"9";"Success"
"W/""JzE5Ozc5NTk3MjQ1MDA2NTI3MzUwNTAxOzAwOyc=""";"67e8a9c5-c71c-ee11-9969-ce909011d161";"10USERTEST";"4000";"10UserTest";"1";"43";"07/07/2023 13.11.32";"07/07/2023 13.11.32";"60004";"BCPT Create SO with N Lines";"293";"Enter Account No.";"";"13";"11";"Success"
"W/""JzE5OzI5OTUxNzI5NDk1NjgyNTU4MDgxOzAwOyc=""";"6be8a9c5-c71c-ee11-9969-ce909011d161";"10USERTEST";"3000";"10UserTest";"1";"44";"07/07/2023 13.11.32";"07/07/2023 13.11.32";"60005";"BCPT Create SQ with N Lines";"291";"Add Order";"";"7";"8";"Success"
"W/""JzIwOzE4MDI4NTg0ODA0ODc0NzM2MTk3MTswMDsn""";"6de8a9c5-c71c-ee11-9969-ce909011d161";"10USERTEST";"3000";"10UserTest";"1";"45";"07/07/2023 13.11.32";"07/07/2023 13.11.32";"60005";"BCPT Create SQ with N Lines";"291";"Enter Account No.";"";"26";"10";"Success"
"W/""JzE5Ozk2NzU1MzQ3ODczMTY0MDYzNTcxOzAwOyc=""";"6ee8a9c5-c71c-ee11-9969-ce909011d161";"10USERTEST";"4000";"10UserTest";"1";"46";"07/07/2023 13.11.33";"07/07/2023 13.11.33";"60004";"BCPT Create SO with N Lines";"293";"Enter Line Item No.";"";"11";"7";"Success"
"W/""JzE5OzkxNjE0OTQwNTEwMzQ2NzE3MzkxOzAwOyc=""";"70e8a9c5-c71c-ee11-9969-ce909011d161";"10USERTEST";"4000";"10UserTest";"1";"47";"07/07/2023 13.11.33";"07/07/2023 13.11.33";"60004";"BCPT Create SO with N Lines";"293";"Enter Line Quantity";"";"11";"12";"Success"
"W/""JzE5OzU5Mzg1NDgwMzYyNTY2MTAzMTgxOzAwOyc=""";"858153cc-c71c-ee11-9969-ce909011d161";"10USERTEST";"1000";"10UserTest";"1";"48";"07/07/2023 13.11.32";"07/07/2023 13.11.37";"60007";"BCPT Detail Trial Bal. Report";"286";"Scenario";"";"4470";"5";"Success"
"W/""JzE4OzUwMjQ4MTAwODc2NDgwMTcyMjE7MDA7Jw==""";"898153cc-c71c-ee11-9969-ce909011d161";"10USERTEST";"2000";"10UserTest";"1";"49";"07/07/2023 13.11.38";"07/07/2023 13.11.38";"60003";"BCPT Create PO with N Lines";"289";"Enter Line Item No.";"";"7";"3";"Success"
"W/""JzE5OzY2MTE1MjI0NTcyMzU5Njk2MTcxOzAwOyc=""";"8a8153cc-c71c-ee11-9969-ce909011d161";"10USERTEST";"2000";"10UserTest";"1";"50";"07/07/2023 13.11.39";"07/07/2023 13.11.39";"60003";"BCPT Create PO with N Lines";"289";"Enter Line Quantity";"";"8";"6";"Success"
"W/""JzIwOzEyNDI1MzczMDUyODE2NTA1ODEwMTswMDsn""";"8b8153cc-c71c-ee11-9969-ce909011d161";"10USERTEST";"2000";"10UserTest";"1";"51";"07/07/2023 13.11.22";"07/07/2023 13.11.39";"60003";"BCPT Create PO with N Lines";"289";"Scenario";"";"382";"211";"Success"
"W/""JzIwOzE2NDY3Nzg3NDUzMTAwMTQ3NDE4MTswMDsn""";"948153cc-c71c-ee11-9969-ce909011d161";"10USERTEST";"3000";"10UserTest";"1";"52";"07/07/2023 13.11.44";"07/07/2023 13.11.44";"60005";"BCPT Create SQ with N Lines";"291";"Enter Line Item No.";"";"7";"4";"Success"
"W/""JzE5OzQzNzY2ODk0NzA3MzA2MjA1OTgxOzAwOyc=""";"978153cc-c71c-ee11-9969-ce909011d161";"10USERTEST";"2000";"10UserTest";"1";"53";"07/07/2023 13.11.44";"07/07/2023 13.11.44";"60003";"BCPT Create PO with N Lines";"289";"Add Order";"";"8";"9";"Success"
"W/""JzIwOzE0NzE3NzgzMjIxMjA1MTA2OTA2MTswMDsn""";"988153cc-c71c-ee11-9969-ce909011d161";"10USERTEST";"2000";"10UserTest";"1";"54";"07/07/2023 13.11.44";"07/07/2023 13.11.44";"60003";"BCPT Create PO with N Lines";"289";"Enter Account No.";"";"9";"8";"Success"
"W/""JzIwOzEzMTg5MjA5Mzc3MzQ3MzY1OTkzMTswMDsn""";"9a8153cc-c71c-ee11-9969-ce909011d161";"10USERTEST";"3000";"10UserTest";"1";"55";"07/07/2023 13.11.44";"07/07/2023 13.11.44";"60005";"BCPT Create SQ with N Lines";"291";"Enter Line Quantity";"";"15";"12";"Success"
"W/""JzIwOzE3NTYyMjU3MDA5ODQyNjI0NjU5MTswMDsn""";"9b8153cc-c71c-ee11-9969-ce909011d161";"10USERTEST";"3000";"10UserTest";"1";"56";"07/07/2023 13.11.32";"07/07/2023 13.11.44";"60005";"BCPT Create SQ with N Lines";"291";"Scenario";"";"377";"230";"Success"
"W/""JzE5Ozg0ODI0MzQzODE1NDI2MzEyMTkxOzAwOyc=""";"d54f85d2-c71c-ee11-9969-ce909011d161";"10USERTEST";"4000";"10UserTest";"1";"57";"07/07/2023 13.11.31";"07/07/2023 13.11.49";"60004";"BCPT Create SO with N Lines";"293";"Scenario";"";"328";"281";"Success"
"W/""JzIwOzEwNzg4MzIxNDM5NTAzNjk2ODU1MTswMDsn""";"d84f85d2-c71c-ee11-9969-ce909011d161";"10USERTEST";"3000";"10UserTest";"1";"58";"07/07/2023 13.11.49";"07/07/2023 13.11.49";"60005";"BCPT Create SQ with N Lines";"291";"Add Order";"";"11";"8";"Success"
"W/""JzE5OzY2MzAwMjAzNTI2NjkxOTY2NzAxOzAwOyc=""";"d94f85d2-c71c-ee11-9969-ce909011d161";"10USERTEST";"3000";"10UserTest";"1";"59";"07/07/2023 13.11.50";"07/07/2023 13.11.50";"60005";"BCPT Create SQ with N Lines";"291";"Enter Account No.";"";"20";"10";"Success"
"W/""JzE5Ozc0MjcxMjY2MDEyODg0Mjk0NzIxOzAwOyc=""";"dd4f85d2-c71c-ee11-9969-ce909011d161";"10USERTEST";"1000";"10UserTest";"1";"60";"07/07/2023 13.11.47";"07/07/2023 13.11.51";"60007";"BCPT Detail Trial Bal. Report";"286";"Scenario";"";"4442";"5";"Success"
"W/""JzIwOzEyMzAzNTgyNjUwNTQ0NDY3ODYxMTswMDsn""";"e54f85d2-c71c-ee11-9969-ce909011d161";"10USERTEST";"4000";"10UserTest";"1";"61";"07/07/2023 13.11.54";"07/07/2023 13.11.54";"60004";"BCPT Create SO with N Lines";"293";"Add Order";"";"18";"9";"Success"
"W/""JzIwOzE2ODY0NjA4NzM2NjU0MTkwNzU3MTswMDsn""";"e74f85d2-c71c-ee11-9969-ce909011d161";"10USERTEST";"4000";"10UserTest";"1";"62";"07/07/2023 13.11.55";"07/07/2023 13.11.55";"60004";"BCPT Create SO with N Lines";"293";"Enter Account No.";"";"30";"11";"Success"
"W/""JzIwOzE4MjE3MjU3MjYxMzU5NDE2MTcxMTswMDsn""";"ea4f85d2-c71c-ee11-9969-ce909011d161";"10USERTEST";"4000";"10UserTest";"1";"63";"07/07/2023 13.11.56";"07/07/2023 13.11.56";"60004";"BCPT Create SO with N Lines";"293";"Enter Line Item No.";"";"7";"7";"Success"
"W/""JzE5OzE0NTEzODAzMTAzNTI4NzMzMzQxOzAwOyc=""";"930a85d8-c71c-ee11-9969-ce909011d161";"10USERTEST";"4000";"10UserTest";"1";"64";"07/07/2023 13.11.56";"07/07/2023 13.11.56";"60004";"BCPT Create SO with N Lines";"293";"Enter Line Quantity";"";"12";"12";"Success"
"W/""JzIwOzE3OTk2MDE1NTkyNTU3MzcxMzkwMTswMDsn""";"9a0a85d8-c71c-ee11-9969-ce909011d161";"10USERTEST";"2000";"10UserTest";"1";"65";"07/07/2023 13.11.58";"07/07/2023 13.11.58";"60003";"BCPT Create PO with N Lines";"289";"Enter Line Item No.";"";"7";"3";"Success"
"W/""JzIwOzE2NDA0NDg1OTA0Mzk3ODUxMDI5MTswMDsn""";"9b0a85d8-c71c-ee11-9969-ce909011d161";"10USERTEST";"2000";"10UserTest";"1";"66";"07/07/2023 13.11.59";"07/07/2023 13.11.59";"60003";"BCPT Create PO with N Lines";"289";"Enter Line Quantity";"";"8";"6";"Success"
"W/""JzE5Ozc5Njk0MzMxMzMyMDcwNzY0NDIxOzAwOyc=""";"9c0a85d8-c71c-ee11-9969-ce909011d161";"10USERTEST";"2000";"10UserTest";"1";"67";"07/07/2023 13.11.44";"07/07/2023 13.11.59";"60003";"BCPT Create PO with N Lines";"289";"Scenario";"";"330";"211";"Success"
"W/""JzIwOzE1MTAzNDkwMjAzMzU2MDU0ODE0MTswMDsn""";"9f0a85d8-c71c-ee11-9969-ce909011d161";"10USERTEST";"3000";"10UserTest";"1";"68";"07/07/2023 13.12.00";"07/07/2023 13.12.00";"60005";"BCPT Create SQ with N Lines";"291";"Enter Line Item No.";"";"7";"4";"Success"
"W/""JzIwOzEwNDgyMDQzNjcwNzMxMDM3Mzk5MTswMDsn""";"a10a85d8-c71c-ee11-9969-ce909011d161";"10USERTEST";"3000";"10UserTest";"1";"69";"07/07/2023 13.12.00";"07/07/2023 13.12.00";"60005";"BCPT Create SQ with N Lines";"291";"Enter Line Quantity";"";"15";"12";"Success"
"W/""JzE5Ozk0NzI0NDI5MjYzNzEyNzYxMTExOzAwOyc=""";"a20a85d8-c71c-ee11-9969-ce909011d161";"10USERTEST";"3000";"10UserTest";"1";"70";"07/07/2023 13.11.49";"07/07/2023 13.12.00";"60005";"BCPT Create SQ with N Lines";"291";"Scenario";"";"403";"230";"Success"
"W/""JzE5OzEwODI3ODE3MDA2MjU0NjM5MDUxOzAwOyc=""";"a70a85d8-c71c-ee11-9969-ce909011d161";"10USERTEST";"2000";"10UserTest";"1";"71";"07/07/2023 13.12.04";"07/07/2023 13.12.04";"60003";"BCPT Create PO with N Lines";"289";"Add Order";"";"7";"9";"Success"
"W/""JzIwOzExNjUxMjM1MDkwNTU4NjIyNDMwMTswMDsn""";"a80a85d8-c71c-ee11-9969-ce909011d161";"10USERTEST";"2000";"10UserTest";"1";"72";"07/07/2023 13.12.04";"07/07/2023 13.12.04";"60003";"BCPT Create PO with N Lines";"289";"Enter Account No.";"";"27";"8";"Success"
"W/""JzIwOzE3MTUyMzIxNzQwODYxMzU4MTA4MTswMDsn""";"ad0a85d8-c71c-ee11-9969-ce909011d161";"10USERTEST";"3000";"10UserTest";"1";"73";"07/07/2023 13.12.05";"07/07/2023 13.12.05";"60005";"BCPT Create SQ with N Lines";"291";"Add Order";"";"15";"8";"Success"
"W/""JzE5Ozg4NDYzMTIwNTUyMzA0ODkzOTAxOzAwOyc=""";"956896de-c71c-ee11-9969-ce909011d161";"10USERTEST";"1000";"10UserTest";"1";"74";"07/07/2023 13.12.01";"07/07/2023 13.12.06";"60007";"BCPT Detail Trial Bal. Report";"286";"Scenario";"";"4454";"5";"Success"
"W/""JzIwOzE4MTQ1NDQ5NDEyMjAyNDIwNTgxMTswMDsn""";"966896de-c71c-ee11-9969-ce909011d161";"10USERTEST";"3000";"10UserTest";"1";"75";"07/07/2023 13.12.06";"07/07/2023 13.12.06";"60005";"BCPT Create SQ with N Lines";"291";"Enter Account No.";"";"10";"11";"Success"
"W/""JzE5OzQ3MzkzNTk2ODY1MjUxOTAyNjAxOzAwOyc=""";"9d6896de-c71c-ee11-9969-ce909011d161";"10USERTEST";"4000";"10UserTest";"1";"76";"07/07/2023 13.11.54";"07/07/2023 13.12.09";"60004";"BCPT Create SO with N Lines";"293";"Scenario";"";"364";"281";"Success"
"W/""JzIwOzE2MTAzNzg0OTI4MzI1MTc1NTYxMTswMDsn""";"a76896de-c71c-ee11-9969-ce909011d161";"10USERTEST";"4000";"10UserTest";"1";"77";"07/07/2023 13.12.14";"07/07/2023 13.12.14";"60004";"BCPT Create SO with N Lines";"293";"Add Order";"";"10";"9";"Success"
"W/""JzIwOzExMjc4MjQ5NjQxNTgwOTAwODY1MTswMDsn""";"a96896de-c71c-ee11-9969-ce909011d161";"10USERTEST";"4000";"10UserTest";"1";"78";"07/07/2023 13.12.15";"07/07/2023 13.12.15";"60004";"BCPT Create SO with N Lines";"293";"Enter Account No.";"";"11";"12";"Success"
"W/""JzE5Ozk0ODI3OTc0NDY5ODg0MDY0NTkxOzAwOyc=""";"2bd49ae4-c71c-ee11-9969-ce909011d161";"10USERTEST";"4000";"10UserTest";"1";"79";"07/07/2023 13.12.16";"07/07/2023 13.12.16";"60004";"BCPT Create SO with N Lines";"293";"Enter Line Item No.";"";"9";"7";"Success"
"W/""JzE5OzE4Mzg4Nzk5NzI1OTQ3NzQ0MjYxOzAwOyc=""";"2cd49ae4-c71c-ee11-9969-ce909011d161";"10USERTEST";"4000";"10UserTest";"1";"80";"07/07/2023 13.12.16";"07/07/2023 13.12.16";"60004";"BCPT Create SO with N Lines";"293";"Enter Line Quantity";"";"12";"12";"Success"
"W/""JzE5OzU2NjYxODQyODA0NTg5NTk3ODUxOzAwOyc=""";"31d49ae4-c71c-ee11-9969-ce909011d161";"10USERTEST";"3000";"10UserTest";"1";"81";"07/07/2023 13.12.18";"07/07/2023 13.12.18";"60005";"BCPT Create SQ with N Lines";"291";"Enter Line Item No.";"";"7";"4";"Success"
"W/""JzIwOzEzNTMxOTM1MzMxMDE3MDcwMTc1MTswMDsn""";"34d49ae4-c71c-ee11-9969-ce909011d161";"10USERTEST";"3000";"10UserTest";"1";"82";"07/07/2023 13.12.19";"07/07/2023 13.12.19";"60005";"BCPT Create SQ with N Lines";"291";"Enter Line Quantity";"";"14";"12";"Success"
"W/""JzIwOzE1ODk3Mzg3MTczMTkwNzc3MzYyMTswMDsn""";"35d49ae4-c71c-ee11-9969-ce909011d161";"10USERTEST";"3000";"10UserTest";"1";"83";"07/07/2023 13.12.05";"07/07/2023 13.12.19";"60005";"BCPT Create SQ with N Lines";"291";"Scenario";"";"336";"231";"Success"
"W/""JzE5OzkxMDIzMTk3NDU0ODUzODk1MzUxOzAwOyc=""";"38d49ae4-c71c-ee11-9969-ce909011d161";"10USERTEST";"1000";"10UserTest";"1";"84";"07/07/2023 13.12.16";"07/07/2023 13.12.20";"60007";"BCPT Detail Trial Bal. Report";"286";"Scenario";"";"4365";"5";"Success"
"W/""JzIwOzE3OTAyMDk1MjkzMjczNTAwMjIyMTswMDsn""";"39d49ae4-c71c-ee11-9969-ce909011d161";"10USERTEST";"2000";"10UserTest";"1";"85";"07/07/2023 13.12.21";"07/07/2023 13.12.21";"60003";"BCPT Create PO with N Lines";"289";"Enter Line Item No.";"";"7";"3";"Success"
"W/""JzE4OzQ4NjE4Njk2MTU5MTAwNTI2OTE7MDA7Jw==""";"3ad49ae4-c71c-ee11-9969-ce909011d161";"10USERTEST";"2000";"10UserTest";"1";"86";"07/07/2023 13.12.21";"07/07/2023 13.12.21";"60003";"BCPT Create PO with N Lines";"289";"Enter Line Quantity";"";"8";"6";"Success"
"W/""JzIwOzEyMjU4MTMyMTcxMDI4NzAxMTg2MTswMDsn""";"3bd49ae4-c71c-ee11-9969-ce909011d161";"10USERTEST";"2000";"10UserTest";"1";"87";"07/07/2023 13.12.04";"07/07/2023 13.12.22";"60003";"BCPT Create PO with N Lines";"289";"Scenario";"";"338";"211";"Success"
"W/""JzIwOzE3Mjk4ODEyODU1MzgxNzUxMDM5MTswMDsn""";"40d49ae4-c71c-ee11-9969-ce909011d161";"10USERTEST";"3000";"10UserTest";"1";"88";"07/07/2023 13.12.24";"07/07/2023 13.12.24";"60005";"BCPT Create SQ with N Lines";"291";"Add Order";"";"15";"8";"Success"
"W/""JzE5OzI5NTY3ODExMjAzMjM1NzgzNTMxOzAwOyc=""";"41d49ae4-c71c-ee11-9969-ce909011d161";"10USERTEST";"3000";"10UserTest";"1";"89";"07/07/2023 13.12.25";"07/07/2023 13.12.25";"60005";"BCPT Create SQ with N Lines";"291";"Enter Account No.";"";"17";"10";"Success"
"W/""JzE5OzY0OTUyMzk0NDE5MTIzNDM0OTAxOzAwOyc=""";"d495c9ea-c71c-ee11-9969-ce909011d161";"10USERTEST";"2000";"10UserTest";"1";"90";"07/07/2023 13.12.27";"07/07/2023 13.12.27";"60003";"BCPT Create PO with N Lines";"289";"Add Order";"";"7";"9";"Success"
"W/""JzIwOzEyMzM4NjI3Nzg1MzY5NzgwMjU5MTswMDsn""";"d595c9ea-c71c-ee11-9969-ce909011d161";"10USERTEST";"2000";"10UserTest";"1";"91";"07/07/2023 13.12.27";"07/07/2023 13.12.27";"60003";"BCPT Create PO with N Lines";"289";"Enter Account No.";"";"7";"8";"Success"
"W/""JzIwOzEyNzk2MTMxODUyNjQ0NzI2MDM4MTswMDsn""";"e295c9ea-c71c-ee11-9969-ce909011d161";"10USERTEST";"4000";"10UserTest";"1";"92";"07/07/2023 13.12.14";"07/07/2023 13.12.32";"60004";"BCPT Create SO with N Lines";"293";"Scenario";"";"403";"282";"Success"
"W/""JzE5Ozk1NjM4Mzk0MzY5NDA2MTU3MTUxOzAwOyc=""";"e795c9ea-c71c-ee11-9969-ce909011d161";"10USERTEST";"1000";"10UserTest";"1";"93";"07/07/2023 13.12.30";"07/07/2023 13.12.35";"60007";"BCPT Detail Trial Bal. Report";"286";"Scenario";"";"4384";"5";"Success"
"W/""JzE5OzcxMTAyMTIxNDkzMzk3NTUyMzAxOzAwOyc=""";"e895c9ea-c71c-ee11-9969-ce909011d161";"10USERTEST";"3000";"10UserTest";"1";"94";"07/07/2023 13.12.35";"07/07/2023 13.12.35";"60005";"BCPT Create SQ with N Lines";"291";"Enter Line Item No.";"";"7";"4";"Success"
"W/""JzIwOzE1MDA5OTY4MzUzMzIwNTg2MDc0MTswMDsn""";"e995c9ea-c71c-ee11-9969-ce909011d161";"10USERTEST";"3000";"10UserTest";"1";"95";"07/07/2023 13.12.36";"07/07/2023 13.12.36";"60005";"BCPT Create SQ with N Lines";"291";"Enter Line Quantity";"";"16";"12";"Success"
"W/""JzE5OzM5MTgxODA5OTI1OTkxNTY4NzYxOzAwOyc=""";"ea95c9ea-c71c-ee11-9969-ce909011d161";"10USERTEST";"3000";"10UserTest";"1";"96";"07/07/2023 13.12.24";"07/07/2023 13.12.36";"60005";"BCPT Create SQ with N Lines";"291";"Scenario";"";"402";"230";"Success"
"W/""JzIwOzE0Mjk2MTcxODM5OTQyMTA2NzQ3MTswMDsn""";"0cf8cff0-c71c-ee11-9969-ce909011d161";"10USERTEST";"4000";"10UserTest";"1";"97";"07/07/2023 13.12.37";"07/07/2023 13.12.37";"60004";"BCPT Create SO with N Lines";"293";"Add Order";"";"10";"9";"Success"
"W/""JzE5OzYyNDcwMzE0NTY1NjY0MjM1NTExOzAwOyc=""";"0ef8cff0-c71c-ee11-9969-ce909011d161";"10USERTEST";"4000";"10UserTest";"1";"98";"07/07/2023 13.12.38";"07/07/2023 13.12.38";"60004";"BCPT Create SO with N Lines";"293";"Enter Account No.";"";"18";"11";"Success"
"W/""JzE5Ozc3MDkwMTI0MTMwMTUyOTg1NTIxOzAwOyc=""";"10f8cff0-c71c-ee11-9969-ce909011d161";"10USERTEST";"4000";"10UserTest";"1";"99";"07/07/2023 13.12.39";"07/07/2023 13.12.39";"60004";"BCPT Create SO with N Lines";"293";"Enter Line Item No.";"";"8";"7";"Success"
"W/""JzE5OzMzNzk1NDA3NDE1MDI3MjAxMjIxOzAwOyc=""";"11f8cff0-c71c-ee11-9969-ce909011d161";"10USERTEST";"4000";"10UserTest";"1";"100";"07/07/2023 13.12.39";"07/07/2023 13.12.39";"60004";"BCPT Create SO with N Lines";"293";"Enter Line Quantity";"";"12";"12";"Success"
"W/""JzE5OzQzNjI5MzAwNTMxMzAwNDY2ODExOzAwOyc=""";"16f8cff0-c71c-ee11-9969-ce909011d161";"10USERTEST";"3000";"10UserTest";"1";"101";"07/07/2023 13.12.41";"07/07/2023 13.12.41";"60005";"BCPT Create SQ with N Lines";"291";"Add Order";"";"18";"8";"Success"
"W/""JzE5OzM4MzE1MjIzNDEyNjc0NTYyNDcxOzAwOyc=""";"18f8cff0-c71c-ee11-9969-ce909011d161";"10USERTEST";"3000";"10UserTest";"1";"102";"07/07/2023 13.12.41";"07/07/2023 13.12.41";"60005";"BCPT Create SQ with N Lines";"291";"Enter Account No.";"";"18";"12";"Success"
"W/""JzE5OzQwOTE4MjM1NTM2NjYwOTYyMTMxOzAwOyc=""";"1bf8cff0-c71c-ee11-9969-ce909011d161";"10USERTEST";"2000";"10UserTest";"1";"103";"07/07/2023 13.12.42";"07/07/2023 13.12.42";"60003";"BCPT Create PO with N Lines";"289";"Enter Line Item No.";"";"6";"3";"Success"
"W/""JzIwOzE3MTQwNjE4ODI0MzI3NTgwMTQwMTswMDsn""";"1ef8cff0-c71c-ee11-9969-ce909011d161";"10USERTEST";"2000";"10UserTest";"1";"104";"07/07/2023 13.12.43";"07/07/2023 13.12.43";"60003";"BCPT Create PO with N Lines";"289";"Enter Line Quantity";"";"7";"6";"Success"
"W/""JzE5OzU5MTYwMjk2ODg5NjU3OTQ5MTExOzAwOyc=""";"20f8cff0-c71c-ee11-9969-ce909011d161";"10USERTEST";"2000";"10UserTest";"1";"105";"07/07/2023 13.12.27";"07/07/2023 13.12.44";"60003";"BCPT Create PO with N Lines";"289";"Scenario";"";"288";"212";"Success"
"W/""JzIwOzE0MjI0MDE0MzM3Mzc5Mjg4Nzk2MTswMDsn""";"81991af7-c71c-ee11-9969-ce909011d161";"10USERTEST";"2000";"10UserTest";"1";"106";"07/07/2023 13.12.49";"07/07/2023 13.12.49";"60003";"BCPT Create PO with N Lines";"289";"Add Order";"";"10";"9";"Success"
"W/""JzE5OzIxOTE5NTg0MzE2OTI4NDg0MDIxOzAwOyc=""";"83991af7-c71c-ee11-9969-ce909011d161";"10USERTEST";"1000";"10UserTest";"1";"107";"07/07/2023 13.12.45";"07/07/2023 13.12.49";"60007";"BCPT Detail Trial Bal. Report";"286";"Scenario";"";"4400";"5";"Success"
"W/""JzIwOzE2MzE0MTE3NjAxOTgwNTk1MzgyMTswMDsn""";"84991af7-c71c-ee11-9969-ce909011d161";"10USERTEST";"2000";"10UserTest";"1";"108";"07/07/2023 13.12.50";"07/07/2023 13.12.50";"60003";"BCPT Create PO with N Lines";"289";"Enter Account No.";"";"10";"8";"Success"
"W/""JzE5OzQzNjk1MjY2NzIxNTY0OTA0NzAxOzAwOyc=""";"8c991af7-c71c-ee11-9969-ce909011d161";"10USERTEST";"3000";"10UserTest";"1";"109";"07/07/2023 13.12.52";"07/07/2023 13.12.52";"60005";"BCPT Create SQ with N Lines";"291";"Enter Line Item No.";"";"7";"4";"Success"
"W/""JzE5OzMxODU0MDA0NDAxMTcwMDA2OTAxOzAwOyc=""";"8d991af7-c71c-ee11-9969-ce909011d161";"10USERTEST";"3000";"10UserTest";"1";"110";"07/07/2023 13.12.53";"07/07/2023 13.12.53";"60005";"BCPT Create SQ with N Lines";"291";"Enter Line Quantity";"";"16";"12";"Success"
"W/""JzE5OzgwNDY5NjUwMzkzNjg5Nzc1MzQxOzAwOyc=""";"8e991af7-c71c-ee11-9969-ce909011d161";"10USERTEST";"3000";"10UserTest";"1";"111";"07/07/2023 13.12.41";"07/07/2023 13.12.53";"60005";"BCPT Create SQ with N Lines";"291";"Scenario";"";"378";"232";"Success"
"W/""JzIwOzE1MTg1ODU3MzE2MjQwNzQ0ODE1MTswMDsn""";"8f991af7-c71c-ee11-9969-ce909011d161";"10USERTEST";"4000";"10UserTest";"1";"112";"07/07/2023 13.12.37";"07/07/2023 13.12.54";"60004";"BCPT Create SO with N Lines";"293";"Scenario";"";"369";"282";"Success"
"W/""JzE5OzEyNDIyNTI5MDE1MjA1NTY0MjYxOzAwOyc=""";"005490fd-c71c-ee11-9969-ce909011d161";"10USERTEST";"3000";"10UserTest";"1";"113";"07/07/2023 13.12.58";"07/07/2023 13.12.58";"60005";"BCPT Create SQ with N Lines";"291";"Add Order";"";"14";"8";"Success"
"W/""JzIwOzE3OTQ1MjczMzQ0MTExMzY0OTA3MTswMDsn""";"015490fd-c71c-ee11-9969-ce909011d161";"10USERTEST";"3000";"10UserTest";"1";"114";"07/07/2023 13.12.58";"07/07/2023 13.12.58";"60005";"BCPT Create SQ with N Lines";"291";"Enter Account No.";"";"21";"10";"Success"
"W/""JzIwOzE1NzI0MjM5NjEwNTU0MzQxNDg5MTswMDsn""";"055490fd-c71c-ee11-9969-ce909011d161";"10USERTEST";"4000";"10UserTest";"1";"115";"07/07/2023 13.12.59";"07/07/2023 13.12.59";"60004";"BCPT Create SO with N Lines";"293";"Add Order";"";"11";"9";"Success"
"W/""JzE5OzMxMzY0NjExMTA3MTc5MzA3MDYxOzAwOyc=""";"075490fd-c71c-ee11-9969-ce909011d161";"10USERTEST";"4000";"10UserTest";"1";"116";"07/07/2023 13.13.00";"07/07/2023 13.13.00";"60004";"BCPT Create SO with N Lines";"293";"Enter Account No.";"";"15";"12";"Success"
"W/""JzE5Ozg5NDU4Mjk1MjMyNzg0MzU2MjUxOzAwOyc=""";"0b5490fd-c71c-ee11-9969-ce909011d161";"10USERTEST";"4000";"10UserTest";"1";"117";"07/07/2023 13.13.01";"07/07/2023 13.13.01";"60004";"BCPT Create SO with N Lines";"293";"Enter Line Item No.";"";"8";"7";"Success"
"W/""JzE5OzM0NjU0MTg5NDA4ODQzMDYxMjAxOzAwOyc=""";"0d5490fd-c71c-ee11-9969-ce909011d161";"10USERTEST";"4000";"10UserTest";"1";"118";"07/07/2023 13.13.01";"07/07/2023 13.13.01";"60004";"BCPT Create SO with N Lines";"293";"Enter Line Quantity";"";"11";"12";"Success"
"W/""JzE3OzkzMjk4MTkxNDcyMDE0MTUwMTswMDsn""";"135490fd-c71c-ee11-9969-ce909011d161";"10USERTEST";"1000";"10UserTest";"1";"119";"07/07/2023 13.12.59";"07/07/2023 13.13.03";"60007";"BCPT Detail Trial Bal. Report";"286";"Scenario";"";"4386";"5";"Success"
"W/""JzE5OzQwMDY1OTMzMjE5MTkzNjMwNzgxOzAwOyc=""";"1c5490fd-c71c-ee11-9969-ce909011d161";"10USERTEST";"2000";"10UserTest";"1";"120";"07/07/2023 13.13.07";"07/07/2023 13.13.07";"60003";"BCPT Create PO with N Lines";"289";"Enter Line Item No.";"";"7";"3";"Success"
"W/""JzIwOzEyMDk5MzUyNjM2NTEwMTU4NzAxMTswMDsn""";"1e5490fd-c71c-ee11-9969-ce909011d161";"10USERTEST";"2000";"10UserTest";"1";"121";"07/07/2023 13.13.08";"07/07/2023 13.13.08";"60003";"BCPT Create PO with N Lines";"289";"Enter Line Quantity";"";"8";"6";"Success"
"W/""JzIwOzEyNTcxNzExNzAzMTQzMTg3NDE0MTswMDsn""";"8dedba03-c81c-ee11-9969-ce909011d161";"10USERTEST";"2000";"10UserTest";"1";"122";"07/07/2023 13.12.49";"07/07/2023 13.13.09";"60003";"BCPT Create PO with N Lines";"289";"Scenario";"";"396";"211";"Success"
"W/""JzIwOzE0Nzg0OTI4NDk0NzUzMDUyOTc3MTswMDsn""";"8eedba03-c81c-ee11-9969-ce909011d161";"10USERTEST";"3000";"10UserTest";"1";"123";"07/07/2023 13.13.09";"07/07/2023 13.13.09";"60005";"BCPT Create SQ with N Lines";"291";"Enter Line Item No.";"";"6";"4";"Success"
"W/""JzIwOzE4MDkyMTA2NDUxNzM0MDg4NDc0MTswMDsn""";"90edba03-c81c-ee11-9969-ce909011d161";"10USERTEST";"3000";"10UserTest";"1";"124";"07/07/2023 13.13.10";"07/07/2023 13.13.10";"60005";"BCPT Create SQ with N Lines";"291";"Enter Line Quantity";"";"14";"12";"Success"
"W/""JzE5OzkyOTQ1MDc1NDcwMzM1NzYwODIxOzAwOyc=""";"91edba03-c81c-ee11-9969-ce909011d161";"10USERTEST";"3000";"10UserTest";"1";"125";"07/07/2023 13.12.58";"07/07/2023 13.13.10";"60005";"BCPT Create SQ with N Lines";"291";"Scenario";"";"354";"230";"Success"
"W/""JzE5OzUyMTg2NTczMjQ5NDMwOTQyNTMxOzAwOyc=""";"95edba03-c81c-ee11-9969-ce909011d161";"10USERTEST";"2000";"10UserTest";"1";"126";"07/07/2023 13.13.14";"07/07/2023 13.13.14";"60003";"BCPT Create PO with N Lines";"289";"Add Order";"";"37";"9";"Success"
"W/""JzIwOzE1MDI3Mjc1ODY2MTUwMjQ2NTgwMTswMDsn""";"96edba03-c81c-ee11-9969-ce909011d161";"10USERTEST";"2000";"10UserTest";"1";"127";"07/07/2023 13.13.14";"07/07/2023 13.13.14";"60003";"BCPT Create PO with N Lines";"289";"Enter Account No.";"";"7";"8";"Success"
"W/""JzE5Ozg1MDU2MTUwNzA1MDgzNTI0MDIxOzAwOyc=""";"9aedba03-c81c-ee11-9969-ce909011d161";"10USERTEST";"3000";"10UserTest";"1";"128";"07/07/2023 13.13.15";"07/07/2023 13.13.15";"60005";"BCPT Create SQ with N Lines";"291";"Add Order";"";"11";"8";"Success"
"W/""JzIwOzE2MjEwNzE0NTc3NzU0MDE0MjQyMTswMDsn""";"9cedba03-c81c-ee11-9969-ce909011d161";"10USERTEST";"3000";"10UserTest";"1";"129";"07/07/2023 13.13.15";"07/07/2023 13.13.15";"60005";"BCPT Create SQ with N Lines";"291";"Enter Account No.";"";"20";"11";"Success"
"W/""JzE3OzY0NDYzNjUzOTM5MjUwNjg2MTswMDsn""";"a1edba03-c81c-ee11-9969-ce909011d161";"10USERTEST";"1000";"10UserTest";"1";"130";"07/07/2023 13.13.13";"07/07/2023 13.13.18";"60007";"BCPT Detail Trial Bal. Report";"286";"Scenario";"";"4363";"5";"Success"
"W/""JzE5OzMyMzg1MDQ0Njc1NDk0ODI4MjQxOzAwOyc=""";"541dc109-c81c-ee11-9969-ce909011d161";"10USERTEST";"4000";"10UserTest";"1";"131";"07/07/2023 13.12.59";"07/07/2023 13.13.19";"60004";"BCPT Create SO with N Lines";"293";"Scenario";"";"299";"282";"Success"
"W/""JzE4OzEyMTQzMTA3NDM0MzA4ODk2MDE7MDA7Jw==""";"5c1dc109-c81c-ee11-9969-ce909011d161";"10USERTEST";"4000";"10UserTest";"1";"132";"07/07/2023 13.13.24";"07/07/2023 13.13.24";"60004";"BCPT Create SO with N Lines";"293";"Add Order";"";"9";"9";"Success"
"W/""JzIwOzE1ODM2ODA3NjA5Njk2MjEwMTI5MTswMDsn""";"5e1dc109-c81c-ee11-9969-ce909011d161";"10USERTEST";"4000";"10UserTest";"1";"133";"07/07/2023 13.13.24";"07/07/2023 13.13.24";"60004";"BCPT Create SO with N Lines";"293";"Enter Account No.";"";"13";"12";"Success"
"W/""JzE5Ozg5MDQwOTg5Mjg0ODg5Mzk2NDgxOzAwOyc=""";"621dc109-c81c-ee11-9969-ce909011d161";"10USERTEST";"4000";"10UserTest";"1";"134";"07/07/2023 13.13.25";"07/07/2023 13.13.25";"60004";"BCPT Create SO with N Lines";"293";"Enter Line Item No.";"";"8";"7";"Success"
"W/""JzIwOzExMDcxOTYzOTMzNTI1NTU5NDc0MTswMDsn""";"651dc109-c81c-ee11-9969-ce909011d161";"10USERTEST";"4000";"10UserTest";"1";"135";"07/07/2023 13.13.26";"07/07/2023 13.13.26";"60004";"BCPT Create SO with N Lines";"293";"Enter Line Quantity";"";"12";"12";"Success"
"W/""JzIwOzEyNjM3Njk1Mzk1MDU5NzA0NjcwMTswMDsn""";"691dc109-c81c-ee11-9969-ce909011d161";"10USERTEST";"3000";"10UserTest";"1";"136";"07/07/2023 13.13.27";"07/07/2023 13.13.27";"60005";"BCPT Create SQ with N Lines";"291";"Enter Line Item No.";"";"6";"4";"Success"
"W/""JzIwOzE1MDE3NjA1NzU5NDc3NjMzNjQyMTswMDsn""";"6a1dc109-c81c-ee11-9969-ce909011d161";"10USERTEST";"3000";"10UserTest";"1";"137";"07/07/2023 13.13.28";"07/07/2023 13.13.28";"60005";"BCPT Create SQ with N Lines";"291";"Enter Line Quantity";"";"15";"12";"Success"
"W/""JzE5OzU3MTg0OTk0MTcyNDAwMjg5MzExOzAwOyc=""";"6b1dc109-c81c-ee11-9969-ce909011d161";"10USERTEST";"3000";"10UserTest";"1";"138";"07/07/2023 13.13.15";"07/07/2023 13.13.28";"60005";"BCPT Create SQ with N Lines";"291";"Scenario";"";"339";"231";"Success"
"W/""JzIwOzExNzA2MDE2MjU2MzI4ODYwNTkzMTswMDsn""";"84d0c110-c81c-ee11-9969-ce909011d161";"10USERTEST";"2000";"10UserTest";"1";"139";"07/07/2023 13.13.32";"07/07/2023 13.13.32";"60003";"BCPT Create PO with N Lines";"289";"Enter Line Item No.";"";"6";"3";"Success"
"W/""JzE5OzY3MDAzNTkwMTk5MTAwODczNjExOzAwOyc=""";"86d0c110-c81c-ee11-9969-ce909011d161";"10USERTEST";"1000";"10UserTest";"1";"140";"07/07/2023 13.13.28";"07/07/2023 13.13.32";"60007";"BCPT Detail Trial Bal. Report";"286";"Scenario";"";"4423";"5";"Success"
"W/""JzE5OzQwNDEyMTQ1MjgwMzQyNzUwODMxOzAwOyc=""";"87d0c110-c81c-ee11-9969-ce909011d161";"10USERTEST";"2000";"10UserTest";"1";"141";"07/07/2023 13.13.32";"07/07/2023 13.13.32";"60003";"BCPT Create PO with N Lines";"289";"Enter Line Quantity";"";"7";"6";"Success"
"W/""JzE5Ozc3MTYwNDc5MjAyNDA5MDQxMDYxOzAwOyc=""";"88d0c110-c81c-ee11-9969-ce909011d161";"10USERTEST";"2000";"10UserTest";"1";"142";"07/07/2023 13.13.14";"07/07/2023 13.13.32";"60003";"BCPT Create PO with N Lines";"289";"Scenario";"";"287";"211";"Success"
"W/""JzE4OzgxMDUwNzkxNjAwNjM1MDgxODE7MDA7Jw==""";"8bd0c110-c81c-ee11-9969-ce909011d161";"10USERTEST";"3000";"10UserTest";"1";"143";"07/07/2023 13.13.33";"07/07/2023 13.13.33";"60005";"BCPT Create SQ with N Lines";"291";"Add Order";"";"7";"8";"Success"
"W/""JzIwOzE1MzEzNTM1MTQ2NDExOTA2NjU5MTswMDsn""";"8cd0c110-c81c-ee11-9969-ce909011d161";"10USERTEST";"3000";"10UserTest";"1";"144";"07/07/2023 13.13.33";"07/07/2023 13.13.33";"60005";"BCPT Create SQ with N Lines";"291";"Enter Account No.";"";"11";"11";"Success"
"W/""JzE5OzU2MTM2ODQ1ODk4MTE0MjM5OTYxOzAwOyc=""";"96d0c110-c81c-ee11-9969-ce909011d161";"10USERTEST";"2000";"10UserTest";"1";"145";"07/07/2023 13.13.38";"07/07/2023 13.13.38";"60003";"BCPT Create PO with N Lines";"289";"Add Order";"";"10";"9";"Success"
"W/""JzE5OzUxMzUxMjQ2Mzg2Nzk4Mzc5NDMxOzAwOyc=""";"98d0c110-c81c-ee11-9969-ce909011d161";"10USERTEST";"2000";"10UserTest";"1";"146";"07/07/2023 13.13.38";"07/07/2023 13.13.38";"60003";"BCPT Create PO with N Lines";"289";"Enter Account No.";"";"8";"8";"Success"
"W/""JzIwOzEzNzY0Njk0NTkxNzg0MDAwNTEwMTswMDsn""";"7c69dc16-c81c-ee11-9969-ce909011d161";"10USERTEST";"4000";"10UserTest";"1";"147";"07/07/2023 13.13.24";"07/07/2023 13.13.41";"60004";"BCPT Create SO with N Lines";"293";"Scenario";"";"384";"282";"Success"
"W/""JzE5OzY1MzIxNzQwMzY0MjcyMTY0MzMxOzAwOyc=""";"8269dc16-c81c-ee11-9969-ce909011d161";"10USERTEST";"3000";"10UserTest";"1";"148";"07/07/2023 13.13.45";"07/07/2023 13.13.45";"60005";"BCPT Create SQ with N Lines";"291";"Enter Line Item No.";"";"6";"4";"Success"
"W/""JzIwOzEwMDMzMDI2NDU4MzgwMTE3Nzg5MTswMDsn""";"8469dc16-c81c-ee11-9969-ce909011d161";"10USERTEST";"3000";"10UserTest";"1";"149";"07/07/2023 13.13.46";"07/07/2023 13.13.46";"60005";"BCPT Create SQ with N Lines";"291";"Enter Line Quantity";"";"15";"12";"Success"
"W/""JzIwOzExMzg2NDM0NjAxMDUzOTU1NDQ1MTswMDsn""";"8569dc16-c81c-ee11-9969-ce909011d161";"10USERTEST";"3000";"10UserTest";"1";"150";"07/07/2023 13.13.33";"07/07/2023 13.13.46";"60005";"BCPT Create SQ with N Lines";"291";"Scenario";"";"384";"231";"Success"
"W/""JzE4Ozg1NTM3MTMzMDk4Njc2OTYxMjE7MDA7Jw==""";"8869dc16-c81c-ee11-9969-ce909011d161";"10USERTEST";"4000";"10UserTest";"1";"151";"07/07/2023 13.13.46";"07/07/2023 13.13.46";"60004";"BCPT Create SO with N Lines";"293";"Add Order";"";"53";"9";"Success"
"W/""JzIwOzE3ODMyOTc1NTk5MjE2MjIwODE4MTswMDsn""";"8969dc16-c81c-ee11-9969-ce909011d161";"10USERTEST";"1000";"10UserTest";"1";"152";"07/07/2023 13.13.42";"07/07/2023 13.13.47";"60007";"BCPT Detail Trial Bal. Report";"286";"Scenario";"";"4400";"5";"Success"
"W/""JzE5OzEzMTc5Njc2MzQ3NTEwNjQxNTQxOzAwOyc=""";"8a69dc16-c81c-ee11-9969-ce909011d161";"10USERTEST";"4000";"10UserTest";"1";"153";"07/07/2023 13.13.47";"07/07/2023 13.13.47";"60004";"BCPT Create SO with N Lines";"293";"Enter Account No.";"";"24";"11";"Success"
"W/""JzIwOzEyNjg0ODc5NTg3MzM3MTI5NDkwMTswMDsn""";"8d69dc16-c81c-ee11-9969-ce909011d161";"10USERTEST";"4000";"10UserTest";"1";"154";"07/07/2023 13.13.48";"07/07/2023 13.13.48";"60004";"BCPT Create SO with N Lines";"293";"Enter Line Item No.";"";"9";"7";"Success"
"W/""JzIwOzE3MDY3ODUyMTE4NTgxNjc2NTU4MTswMDsn""";"8e69dc16-c81c-ee11-9969-ce909011d161";"10USERTEST";"4000";"10UserTest";"1";"155";"07/07/2023 13.13.48";"07/07/2023 13.13.48";"60004";"BCPT Create SO with N Lines";"293";"Enter Line Quantity";"";"11";"12";"Success"
"W/""JzE4Ozg1NDYxMTAwMzQyNTMwODc1NjE7MDA7Jw==""";"867d091d-c81c-ee11-9969-ce909011d161";"10USERTEST";"3000";"10UserTest";"1";"156";"07/07/2023 13.13.51";"07/07/2023 13.13.51";"60005";"BCPT Create SQ with N Lines";"291";"Add Order";"";"7";"8";"Success"
"W/""JzE5OzI2NjUxNzMzMzA2OTAxMDIxODgxOzAwOyc=""";"877d091d-c81c-ee11-9969-ce909011d161";"10USERTEST";"3000";"10UserTest";"1";"157";"07/07/2023 13.13.51";"07/07/2023 13.13.51";"60005";"BCPT Create SQ with N Lines";"291";"Enter Account No.";"";"11";"10";"Success"
"W/""JzIwOzE1NDU0NzI3OTczOTAwOTU4MjMwMTswMDsn""";"927d091d-c81c-ee11-9969-ce909011d161";"10USERTEST";"2000";"10UserTest";"1";"158";"07/07/2023 13.13.55";"07/07/2023 13.13.55";"60003";"BCPT Create PO with N Lines";"289";"Enter Line Item No.";"";"5";"3";"Success"
"W/""JzIwOzE3ODI2MDE4MzQzNzQyNTY3ODY5MTswMDsn""";"937d091d-c81c-ee11-9969-ce909011d161";"10USERTEST";"2000";"10UserTest";"1";"159";"07/07/2023 13.13.55";"07/07/2023 13.13.55";"60003";"BCPT Create PO with N Lines";"289";"Enter Line Quantity";"";"6";"6";"Success"
"W/""JzE5Ozk2OTQyODYyNDM0MjQwMzMyMjIxOzAwOyc=""";"947d091d-c81c-ee11-9969-ce909011d161";"10USERTEST";"2000";"10UserTest";"1";"160";"07/07/2023 13.13.38";"07/07/2023 13.13.56";"60003";"BCPT Create PO with N Lines";"289";"Scenario";"";"319";"211";"Success"
"W/""JzE5OzQwMjg1NjU3MjA3MzMyMTAwMjMxOzAwOyc=""";"f33a0c23-c81c-ee11-9969-ce909011d161";"10USERTEST";"2000";"10UserTest";"1";"161";"07/07/2023 13.14.01";"07/07/2023 13.14.01";"60003";"BCPT Create PO with N Lines";"289";"Add Order";"";"6";"9";"Success"
"W/""JzE5OzI1NjgzMDQ3MTI0NzYxNTAyMDUxOzAwOyc=""";"f43a0c23-c81c-ee11-9969-ce909011d161";"10USERTEST";"1000";"10UserTest";"1";"162";"07/07/2023 13.13.57";"07/07/2023 13.14.01";"60007";"BCPT Detail Trial Bal. Report";"286";"Scenario";"";"4492";"5";"Success"
"W/""JzIwOzExMTQ0OTE4NTI0MzY1OTA0OTgzMTswMDsn""";"f53a0c23-c81c-ee11-9969-ce909011d161";"10USERTEST";"2000";"10UserTest";"1";"163";"07/07/2023 13.14.01";"07/07/2023 13.14.01";"60003";"BCPT Create PO with N Lines";"289";"Enter Account No.";"";"8";"8";"Success"
"W/""JzE4OzQ2MjcyODI4OTg4ODY1MjQxOTE7MDA7Jw==""";"f83a0c23-c81c-ee11-9969-ce909011d161";"10USERTEST";"3000";"10UserTest";"1";"164";"07/07/2023 13.14.02";"07/07/2023 13.14.02";"60005";"BCPT Create SQ with N Lines";"291";"Enter Line Item No.";"";"7";"4";"Success"
"W/""JzIwOzE3NjAxMzAwMDk0Njk4NjAwNTc1MTswMDsn""";"fa3a0c23-c81c-ee11-9969-ce909011d161";"10USERTEST";"3000";"10UserTest";"1";"165";"07/07/2023 13.14.03";"07/07/2023 13.14.03";"60005";"BCPT Create SQ with N Lines";"291";"Enter Line Quantity";"";"16";"12";"Success"
"W/""JzIwOzE3MTM2MjgyNzAzMjk0ODM3OTI2MTswMDsn""";"fb3a0c23-c81c-ee11-9969-ce909011d161";"10USERTEST";"3000";"10UserTest";"1";"166";"07/07/2023 13.13.51";"07/07/2023 13.14.03";"60005";"BCPT Create SQ with N Lines";"291";"Scenario";"";"353";"230";"Success"
"W/""JzIwOzE4MzI5NjY0NjkzOTEwODI5MTI1MTswMDsn""";"fd3a0c23-c81c-ee11-9969-ce909011d161";"10USERTEST";"4000";"10UserTest";"1";"167";"07/07/2023 13.13.46";"07/07/2023 13.14.04";"60004";"BCPT Create SO with N Lines";"293";"Scenario";"";"410";"281";"Success"
"W/""JzIwOzEwMTMzODI0MDI3MDIwMjQxOTk5MTswMDsn""";"033b0c23-c81c-ee11-9969-ce909011d161";"10USERTEST";"3000";"10UserTest";"1";"168";"07/07/2023 13.14.08";"07/07/2023 13.14.08";"60005";"BCPT Create SQ with N Lines";"291";"Add Order";"";"14";"8";"Success"
"W/""JzIwOzE2NzkwODEyNTQ2NTE2MzQ1NjUxMTswMDsn""";"043b0c23-c81c-ee11-9969-ce909011d161";"10USERTEST";"3000";"10UserTest";"1";"169";"07/07/2023 13.14.08";"07/07/2023 13.14.08";"60005";"BCPT Create SQ with N Lines";"291";"Enter Account No.";"";"22";"10";"Success"
"W/""JzE5Ozk0NjE5NTgzNzUwNzAzMDk1NTIxOzAwOyc=""";"073b0c23-c81c-ee11-9969-ce909011d161";"10USERTEST";"4000";"10UserTest";"1";"170";"07/07/2023 13.14.09";"07/07/2023 13.14.09";"60004";"BCPT Create SO with N Lines";"293";"Add Order";"";"9";"9";"Success"
"W/""JzIwOzEyNTgzNjE3MTk5MjYyNjcwNDY1MTswMDsn""";"0a3b0c23-c81c-ee11-9969-ce909011d161";"10USERTEST";"4000";"10UserTest";"1";"171";"07/07/2023 13.14.10";"07/07/2023 13.14.10";"60004";"BCPT Create SO with N Lines";"293";"Enter Account No.";"";"13";"12";"Success"
"W/""JzIwOzExMDY2NTcwMDk1MzAxMjQ4Nzg0MTswMDsn""";"0d3b0c23-c81c-ee11-9969-ce909011d161";"10USERTEST";"4000";"10UserTest";"1";"172";"07/07/2023 13.14.10";"07/07/2023 13.14.10";"60004";"BCPT Create SO with N Lines";"293";"Enter Line Item No.";"";"8";"7";"Success"
"W/""JzE5Ozg0MTY4OTg4MDc4ODcyOTIwMTUxOzAwOyc=""";"0e3b0c23-c81c-ee11-9969-ce909011d161";"10USERTEST";"4000";"10UserTest";"1";"173";"07/07/2023 13.14.11";"07/07/2023 13.14.11";"60004";"BCPT Create SO with N Lines";"293";"Enter Line Quantity";"";"11";"12";"Success"
"W/""JzIwOzE2MDg1MjY1MTE4ODcxNDI2MTcyMTswMDsn""";"90e14e29-c81c-ee11-9969-ce909011d161";"10USERTEST";"1000";"10UserTest";"1";"174";"07/07/2023 13.14.11";"07/07/2023 13.14.16";"60007";"BCPT Detail Trial Bal. Report";"286";"Scenario";"";"4455";"5";"Success"
"W/""JzE5Ozg4NjU2Nzg5MDQ3MDk4MzQzMDExOzAwOyc=""";"91e14e29-c81c-ee11-9969-ce909011d161";"10USERTEST";"2000";"10UserTest";"1";"175";"07/07/2023 13.14.16";"07/07/2023 13.14.16";"60003";"BCPT Create PO with N Lines";"289";"Enter Line Item No.";"";"5";"3";"Success"
"W/""JzE5Ozc4MzgyNDA2NDcwMDkwMTUxNDMxOzAwOyc=""";"93e14e29-c81c-ee11-9969-ce909011d161";"10USERTEST";"2000";"10UserTest";"1";"176";"07/07/2023 13.14.16";"07/07/2023 13.14.16";"60003";"BCPT Create PO with N Lines";"289";"Enter Line Quantity";"";"7";"6";"Success"
"W/""JzIwOzE3MjAyMzA2MDcwODc2MTI3MjA1MTswMDsn""";"94e14e29-c81c-ee11-9969-ce909011d161";"10USERTEST";"2000";"10UserTest";"1";"177";"07/07/2023 13.14.01";"07/07/2023 13.14.16";"60003";"BCPT Create PO with N Lines";"289";"Scenario";"";"404";"211";"Success"
"W/""JzE5OzUyOTE0NjE2NjM3NzkyNzY5OTUxOzAwOyc=""";"9ce14e29-c81c-ee11-9969-ce909011d161";"10USERTEST";"3000";"10UserTest";"1";"178";"07/07/2023 13.14.21";"07/07/2023 13.14.21";"60005";"BCPT Create SQ with N Lines";"291";"Enter Line Item No.";"";"7";"4";"Success"
"W/""JzIwOzEwNjYyODkxOTE4MDI1NTY4ODU2MTswMDsn""";"f84e672f-c81c-ee11-9969-ce909011d161";"10USERTEST";"2000";"10UserTest";"1";"179";"07/07/2023 13.14.21";"07/07/2023 13.14.21";"60003";"BCPT Create PO with N Lines";"289";"Add Order";"";"7";"9";"Success"
"W/""JzE5Ozk1NDIzMzIyNjc0MDUxMjA2NjYxOzAwOyc=""";"f94e672f-c81c-ee11-9969-ce909011d161";"10USERTEST";"3000";"10UserTest";"1";"180";"07/07/2023 13.14.22";"07/07/2023 13.14.22";"60005";"BCPT Create SQ with N Lines";"291";"Enter Line Quantity";"";"14";"12";"Success"
"W/""JzE5OzExNzM2MjkzMTk3OTc5NDYyNTcxOzAwOyc=""";"fa4e672f-c81c-ee11-9969-ce909011d161";"10USERTEST";"3000";"10UserTest";"1";"181";"07/07/2023 13.14.08";"07/07/2023 13.14.22";"60005";"BCPT Create SQ with N Lines";"291";"Scenario";"";"487";"230";"Success"
"W/""JzE5OzQ1MjY1NTQ3MzY3MTY4Mjg3MzQxOzAwOyc=""";"fb4e672f-c81c-ee11-9969-ce909011d161";"10USERTEST";"2000";"10UserTest";"1";"182";"07/07/2023 13.14.22";"07/07/2023 13.14.22";"60003";"BCPT Create PO with N Lines";"289";"Enter Account No.";"";"8";"8";"Success"
"W/""JzIwOzE2MjQ4Mzg3MDg1Mjc1MzAwMDkzMTswMDsn""";"034f672f-c81c-ee11-9969-ce909011d161";"10USERTEST";"3000";"10UserTest";"1";"183";"07/07/2023 13.14.27";"07/07/2023 13.14.27";"60005";"BCPT Create SQ with N Lines";"291";"Add Order";"";"7";"8";"Success"
"W/""JzE5OzExNzE0Nzg0MDY3MzA0MDQ0NTYxOzAwOyc=""";"044f672f-c81c-ee11-9969-ce909011d161";"10USERTEST";"4000";"10UserTest";"1";"184";"07/07/2023 13.14.09";"07/07/2023 13.14.27";"60004";"BCPT Create SO with N Lines";"293";"Scenario";"";"360";"282";"Success"
"W/""JzIwOzExMzIxNzA4NTM1OTM4NTA1MzM5MTswMDsn""";"054f672f-c81c-ee11-9969-ce909011d161";"10USERTEST";"3000";"10UserTest";"1";"185";"07/07/2023 13.14.27";"07/07/2023 13.14.27";"60005";"BCPT Create SQ with N Lines";"291";"Enter Account No.";"";"10";"10";"Success"
"W/""JzE5OzIwNjEwNDUwMzQxOTE4Nzg0MzIxOzAwOyc=""";"0a4f672f-c81c-ee11-9969-ce909011d161";"10USERTEST";"1000";"10UserTest";"1";"186";"07/07/2023 13.14.26";"07/07/2023 13.14.30";"60007";"BCPT Detail Trial Bal. Report";"286";"Scenario";"";"4465";"5";"Success"
"W/""JzE5OzQ0NzYxMTQ5OTc3MTEyNDM5NzUxOzAwOyc=""";"95936935-c81c-ee11-9969-ce909011d161";"10USERTEST";"4000";"10UserTest";"1";"187";"07/07/2023 13.14.32";"07/07/2023 13.14.32";"60004";"BCPT Create SO with N Lines";"293";"Add Order";"";"9";"9";"Success"
"W/""JzIwOzE3MTI3NTkyNjQ4MTk1ODQxNDY4MTswMDsn""";"96936935-c81c-ee11-9969-ce909011d161";"10USERTEST";"4000";"10UserTest";"1";"188";"07/07/2023 13.14.32";"07/07/2023 13.14.32";"60004";"BCPT Create SO with N Lines";"293";"Enter Account No.";"";"12";"11";"Success"
"W/""JzIwOzE2OTY5MDQ1OTg3OTEwNjYyNjY2MTswMDsn""";"9a936935-c81c-ee11-9969-ce909011d161";"10USERTEST";"4000";"10UserTest";"1";"189";"07/07/2023 13.14.33";"07/07/2023 13.14.33";"60004";"BCPT Create SO with N Lines";"293";"Enter Line Item No.";"";"7";"7";"Success"
"W/""JzIwOzE2NjY5MjM2MDMwNzY5NTI5MDg3MTswMDsn""";"9b936935-c81c-ee11-9969-ce909011d161";"10USERTEST";"4000";"10UserTest";"1";"190";"07/07/2023 13.14.33";"07/07/2023 13.14.33";"60004";"BCPT Create SO with N Lines";"293";"Enter Line Quantity";"";"12";"12";"Success"
"W/""JzE5OzE5NDQyNTg3MDk5Mjg2MzIyMTIxOzAwOyc=""";"a6936935-c81c-ee11-9969-ce909011d161";"10USERTEST";"2000";"10UserTest";"1";"191";"07/07/2023 13.14.38";"07/07/2023 13.14.38";"60003";"BCPT Create PO with N Lines";"289";"Enter Line Item No.";"";"6";"3";"Success"
"W/""JzIwOzE4MzY5OTE1MTEzODIwOTM5ODA5MTswMDsn""";"a9936935-c81c-ee11-9969-ce909011d161";"10USERTEST";"3000";"10UserTest";"1";"192";"07/07/2023 13.14.39";"07/07/2023 13.14.39";"60005";"BCPT Create SQ with N Lines";"291";"Enter Line Item No.";"";"7";"4";"Success"
"W/""JzIwOzE2ODkyODEzNzA5NzQ3OTczNDg2MTswMDsn""";"aa936935-c81c-ee11-9969-ce909011d161";"10USERTEST";"2000";"10UserTest";"1";"193";"07/07/2023 13.14.39";"07/07/2023 13.14.39";"60003";"BCPT Create PO with N Lines";"289";"Enter Line Quantity";"";"7";"6";"Success"
"W/""JzIwOzE0MTE5MTM4NjE3NjAyODc2NzY1MTswMDsn""";"ac936935-c81c-ee11-9969-ce909011d161";"10USERTEST";"3000";"10UserTest";"1";"194";"07/07/2023 13.14.40";"07/07/2023 13.14.40";"60005";"BCPT Create SQ with N Lines";"291";"Enter Line Quantity";"";"15";"12";"Success"
"W/""JzIwOzE1NDE0MTI1MzU2MTYwNTE3NjM3MTswMDsn""";"ad936935-c81c-ee11-9969-ce909011d161";"10USERTEST";"3000";"10UserTest";"1";"195";"07/07/2023 13.14.27";"07/07/2023 13.14.40";"60005";"BCPT Create SQ with N Lines";"291";"Scenario";"";"371";"230";"Success"
"W/""JzE5Ozk1OTI0Mzk3MTg5NDI0MDY3NTUxOzAwOyc=""";"ae936935-c81c-ee11-9969-ce909011d161";"10USERTEST";"2000";"10UserTest";"1";"196";"07/07/2023 13.14.21";"07/07/2023 13.14.40";"60003";"BCPT Create PO with N Lines";"289";"Scenario";"";"324";"212";"Success"
"W/""JzIwOzEyMjkwNTIwNDIxNTc0MzI3MjAyMTswMDsn""";"60f54a3c-c81c-ee11-9969-ce909011d161";"10USERTEST";"1000";"10UserTest";"1";"197";"07/07/2023 13.14.40";"07/07/2023 13.14.44";"60007";"BCPT Detail Trial Bal. Report";"286";"Scenario";"";"4431";"5";"Success"
"W/""JzE5OzI0OTA0ODUyNTc4OTM0MTM0MDQxOzAwOyc=""";"64f54a3c-c81c-ee11-9969-ce909011d161";"10USERTEST";"3000";"10UserTest";"1";"198";"07/07/2023 13.14.45";"07/07/2023 13.14.45";"60005";"BCPT Create SQ with N Lines";"291";"Add Order";"";"8";"8";"Success"
"W/""JzIwOzE3NTU1NDAwNTA1NjE5MDcxMDU3MTswMDsn""";"67f54a3c-c81c-ee11-9969-ce909011d161";"10USERTEST";"2000";"10UserTest";"1";"199";"07/07/2023 13.14.45";"07/07/2023 13.14.45";"60003";"BCPT Create PO with N Lines";"289";"Add Order";"";"7";"9";"Success"
"W/""JzIwOzEyNzAyMzcwOTg3MzY0Mjk0MzU1MTswMDsn""";"68f54a3c-c81c-ee11-9969-ce909011d161";"10USERTEST";"3000";"10UserTest";"1";"200";"07/07/2023 13.14.45";"07/07/2023 13.14.45";"60005";"BCPT Create SQ with N Lines";"291";"Enter Account No.";"";"11";"11";"Success"
"W/""JzIwOzEwMzQ5MDI1OTA1MzM2NzEzNzEzMTswMDsn""";"6af54a3c-c81c-ee11-9969-ce909011d161";"10USERTEST";"2000";"10UserTest";"1";"201";"07/07/2023 13.14.46";"07/07/2023 13.14.46";"60003";"BCPT Create PO with N Lines";"289";"Enter Account No.";"";"9";"8";"Success"
"W/""JzIwOzEwNDk3MzQ4ODkzNTYyMjE2NjQ5MTswMDsn""";"6ef54a3c-c81c-ee11-9969-ce909011d161";"10USERTEST";"4000";"10UserTest";"1";"202";"07/07/2023 13.14.32";"07/07/2023 13.14.47";"60004";"BCPT Create SO with N Lines";"293";"Scenario";"";"460";"282";"Success"
"W/""JzIwOzEwNjQ4OTQwNDE1MTE1MzU4NjM0MTswMDsn""";"78f54a3c-c81c-ee11-9969-ce909011d161";"10USERTEST";"4000";"10UserTest";"1";"203";"07/07/2023 13.14.52";"07/07/2023 13.14.52";"60004";"BCPT Create SO with N Lines";"293";"Add Order";"";"9";"9";"Success"
"W/""JzIwOzE0NDcwNjU4NDAwMTg3NTI0OTU2MTswMDsn""";"79f54a3c-c81c-ee11-9969-ce909011d161";"10USERTEST";"4000";"10UserTest";"1";"204";"07/07/2023 13.14.52";"07/07/2023 13.14.52";"60004";"BCPT Create SO with N Lines";"293";"Enter Account No.";"";"11";"11";"Success"
"W/""JzIwOzE0MjI4MDAxNzg0ODk0NzIzMjYwMTswMDsn""";"5fc64b42-c81c-ee11-9969-ce909011d161";"10USERTEST";"4000";"10UserTest";"1";"205";"07/07/2023 13.14.53";"07/07/2023 13.14.53";"60004";"BCPT Create SO with N Lines";"293";"Enter Line Item No.";"";"8";"7";"Success"
"W/""JzE5Ozc5MTE2MTA4ODc0MTc1MzQzNDcxOzAwOyc=""";"60c64b42-c81c-ee11-9969-ce909011d161";"10USERTEST";"4000";"10UserTest";"1";"206";"07/07/2023 13.14.53";"07/07/2023 13.14.53";"60004";"BCPT Create SO with N Lines";"293";"Enter Line Quantity";"";"11";"12";"Success"
"W/""JzE5OzkyNzMxMDk4MTU3NzcwMzk2MDcxOzAwOyc=""";"69c64b42-c81c-ee11-9969-ce909011d161";"10USERTEST";"3000";"10UserTest";"1";"207";"07/07/2023 13.14.57";"07/07/2023 13.14.57";"60005";"BCPT Create SQ with N Lines";"291";"Enter Line Item No.";"";"5";"4";"Success"
"W/""JzE5OzQ2MjAzMzkxOTU4NzgxOTQxMjgxOzAwOyc=""";"6bc64b42-c81c-ee11-9969-ce909011d161";"10USERTEST";"3000";"10UserTest";"1";"208";"07/07/2023 13.14.58";"07/07/2023 13.14.58";"60005";"BCPT Create SQ with N Lines";"291";"Enter Line Quantity";"";"13";"12";"Success"
"W/""JzIwOzE3Mjg0NTM5MTU4NDc1MzM4MzYxMTswMDsn""";"6cc64b42-c81c-ee11-9969-ce909011d161";"10USERTEST";"3000";"10UserTest";"1";"209";"07/07/2023 13.14.45";"07/07/2023 13.14.58";"60005";"BCPT Create SQ with N Lines";"291";"Scenario";"";"289";"231";"Success"
"W/""JzE5OzE0NDkxMjk5NTMzOTE3OTY4NDkxOzAwOyc=""";"6fc64b42-c81c-ee11-9969-ce909011d161";"10USERTEST";"1000";"10UserTest";"1";"210";"07/07/2023 13.14.54";"07/07/2023 13.14.59";"60007";"BCPT Detail Trial Bal. Report";"286";"Scenario";"";"4479";"5";"Success"
"W/""JzE5OzI2ODM1Mzg0NDcxMjQzNzA1MTQxOzAwOyc=""";"72c64b42-c81c-ee11-9969-ce909011d161";"10USERTEST";"2000";"10UserTest";"1";"211";"07/07/2023 13.15.01";"07/07/2023 13.15.01";"60003";"BCPT Create PO with N Lines";"289";"Enter Line Item No.";"";"7";"3";"Success"
"W/""JzE5OzIzMzY2NTIxNDQ0Mzc1MTk2NTcxOzAwOyc=""";"73c64b42-c81c-ee11-9969-ce909011d161";"10USERTEST";"2000";"10UserTest";"1";"212";"07/07/2023 13.15.02";"07/07/2023 13.15.02";"60003";"BCPT Create PO with N Lines";"289";"Enter Line Quantity";"";"8";"6";"Success"
"W/""JzIwOzE1NzA4MzgyMjY3OTIzMDYyOTcwMTswMDsn""";"75c64b42-c81c-ee11-9969-ce909011d161";"10USERTEST";"2000";"10UserTest";"1";"213";"07/07/2023 13.14.45";"07/07/2023 13.15.02";"60003";"BCPT Create PO with N Lines";"289";"Scenario";"";"254";"211";"Success"
"W/""JzE5OzQ3OTgwNjc1NDY3MTk5MTkxNjcxOzAwOyc=""";"78c64b42-c81c-ee11-9969-ce909011d161";"10USERTEST";"3000";"10UserTest";"1";"214";"07/07/2023 13.15.03";"07/07/2023 13.15.03";"60005";"BCPT Create SQ with N Lines";"291";"Add Order";"";"11";"8";"Success"
"W/""JzIwOzE2NTI2NzIyMDAyMDc0MTk5MjYxMTswMDsn""";"8ef28748-c81c-ee11-9969-ce909011d161";"10USERTEST";"3000";"10UserTest";"1";"215";"07/07/2023 13.15.04";"07/07/2023 13.15.04";"60005";"BCPT Create SQ with N Lines";"291";"Enter Account No.";"";"11";"10";"Success"
"W/""JzIwOzEyMDc1ODI3OTY3MzU4MDM3OTE2MTswMDsn""";"97f28748-c81c-ee11-9969-ce909011d161";"10USERTEST";"2000";"10UserTest";"1";"216";"07/07/2023 13.15.07";"07/07/2023 13.15.07";"60003";"BCPT Create PO with N Lines";"289";"Add Order";"";"9";"9";"Success"
"W/""JzE5Ozg4NzI5MjgzMTAyNjc5NjI3ODMxOzAwOyc=""";"98f28748-c81c-ee11-9969-ce909011d161";"10USERTEST";"2000";"10UserTest";"1";"217";"07/07/2023 13.15.08";"07/07/2023 13.15.08";"60003";"BCPT Create PO with N Lines";"289";"Enter Account No.";"";"15";"8";"Success"
"W/""JzE4OzgyNjE1ODQ4MDY5NzA2MjUyMjE7MDA7Jw==""";"99f28748-c81c-ee11-9969-ce909011d161";"10USERTEST";"4000";"10UserTest";"1";"218";"07/07/2023 13.14.52";"07/07/2023 13.15.08";"60004";"BCPT Create SO with N Lines";"293";"Scenario";"";"286";"281";"Success"
"W/""JzE5OzE2MDc3ODU4ODQyOTg1NzE4NDUxOzAwOyc=""";"a4f28748-c81c-ee11-9969-ce909011d161";"10USERTEST";"4000";"10UserTest";"1";"219";"07/07/2023 13.15.13";"07/07/2023 13.15.13";"60004";"BCPT Create SO with N Lines";"293";"Add Order";"";"46";"9";"Success"
"W/""JzIwOzE2MDQ1MzYxNTIyNTUwMDgxNDE3MTswMDsn""";"a5f28748-c81c-ee11-9969-ce909011d161";"10USERTEST";"1000";"10UserTest";"1";"220";"07/07/2023 13.15.09";"07/07/2023 13.15.13";"60007";"BCPT Detail Trial Bal. Report";"286";"Scenario";"";"4467";"5";"Success"
"W/""JzE5OzM3NjgxOTIxOTgzMDkwOTg4MDAxOzAwOyc=""";"b510864e-c81c-ee11-9969-ce909011d161";"10USERTEST";"4000";"10UserTest";"1";"221";"07/07/2023 13.15.14";"07/07/2023 13.15.14";"60004";"BCPT Create SO with N Lines";"293";"Enter Account No.";"";"47";"12";"Success"
"W/""JzIwOzEwMTk4OTM2OTk0NTA1MzUzNDcyMTswMDsn""";"b810864e-c81c-ee11-9969-ce909011d161";"10USERTEST";"4000";"10UserTest";"1";"222";"07/07/2023 13.15.15";"07/07/2023 13.15.15";"60004";"BCPT Create SO with N Lines";"293";"Enter Line Item No.";"";"7";"7";"Success"
"W/""JzIwOzEzNjY3Mjc0NDgwNjk3NDUzMDU3MTswMDsn""";"ba10864e-c81c-ee11-9969-ce909011d161";"10USERTEST";"3000";"10UserTest";"1";"223";"07/07/2023 13.15.15";"07/07/2023 13.15.15";"60005";"BCPT Create SQ with N Lines";"291";"Enter Line Item No.";"";"7";"4";"Success"
"W/""JzE5OzkxNDc4MDc2OTAwODE3ODA0MjMxOzAwOyc=""";"bb10864e-c81c-ee11-9969-ce909011d161";"10USERTEST";"3000";"10UserTest";"1";"224";"07/07/2023 13.15.15";"07/07/2023 13.15.15";"60005";"BCPT Create SQ with N Lines";"291";"Enter Line Quantity";"";"14";"12";"Success"
"W/""JzIwOzEyNTA4NTA4NDQ1OTk2MjU3MjYxMTswMDsn""";"bc10864e-c81c-ee11-9969-ce909011d161";"10USERTEST";"3000";"10UserTest";"1";"225";"07/07/2023 13.15.03";"07/07/2023 13.15.15";"60005";"BCPT Create SQ with N Lines";"291";"Scenario";"";"356";"230";"Success"
"W/""JzE5OzU0MzQ4NjA2MjIxOTg3NzM4MzgxOzAwOyc=""";"bd10864e-c81c-ee11-9969-ce909011d161";"10USERTEST";"4000";"10UserTest";"1";"226";"07/07/2023 13.15.16";"07/07/2023 13.15.16";"60004";"BCPT Create SO with N Lines";"293";"Enter Line Quantity";"";"12";"12";"Success"
"W/""JzE4OzIxMzk1OTY3MTU0NDkxNTg5MjE7MDA7Jw==""";"c610864e-c81c-ee11-9969-ce909011d161";"10USERTEST";"3000";"10UserTest";"1";"227";"07/07/2023 13.15.20";"07/07/2023 13.15.20";"60005";"BCPT Create SQ with N Lines";"291";"Add Order";"";"7";"8";"Success"
"W/""JzIwOzEyNTcwMDMwMzE3ODI4OTczNzU5MTswMDsn""";"c710864e-c81c-ee11-9969-ce909011d161";"10USERTEST";"3000";"10UserTest";"1";"228";"07/07/2023 13.15.21";"07/07/2023 13.15.21";"60005";"BCPT Create SQ with N Lines";"291";"Enter Account No.";"";"12";"10";"Success"
"W/""JzIwOzExMjAzNTgzNDA5MzQ3NDc3MDcxMTswMDsn""";"8ae29e54-c81c-ee11-9969-ce909011d161";"10USERTEST";"2000";"10UserTest";"1";"229";"07/07/2023 13.15.27";"07/07/2023 13.15.27";"60003";"BCPT Create PO with N Lines";"289";"Enter Line Item No.";"";"6";"3";"Success"
"W/""JzIwOzE1Njc0Njg4NzY4MDA0MTUyNjYyMTswMDsn""";"8ce29e54-c81c-ee11-9969-ce909011d161";"10USERTEST";"2000";"10UserTest";"1";"230";"07/07/2023 13.15.27";"07/07/2023 13.15.27";"60003";"BCPT Create PO with N Lines";"289";"Enter Line Quantity";"";"7";"6";"Success"
"W/""JzIwOzExOTI2NTY4Mzg5NjE1MDIxNTk4MTswMDsn""";"8de29e54-c81c-ee11-9969-ce909011d161";"10USERTEST";"2000";"10UserTest";"1";"231";"07/07/2023 13.15.07";"07/07/2023 13.15.28";"60003";"BCPT Create PO with N Lines";"289";"Scenario";"";"346";"211";"Success"
"W/""JzE5Ozk4MDQwMTYzMzgzOTQzMjYxMjAxOzAwOyc=""";"8ee29e54-c81c-ee11-9969-ce909011d161";"10USERTEST";"1000";"10UserTest";"1";"232";"07/07/2023 13.15.23";"07/07/2023 13.15.28";"60007";"BCPT Detail Trial Bal. Report";"286";"Scenario";"";"4400";"5";"Success"
"W/""JzE5OzM0MzI0NjQyMTIwODgyNzEwNDIxOzAwOyc=""";"95e29e54-c81c-ee11-9969-ce909011d161";"10USERTEST";"3000";"10UserTest";"1";"233";"07/07/2023 13.15.31";"07/07/2023 13.15.31";"60005";"BCPT Create SQ with N Lines";"291";"Enter Line Item No.";"";"6";"4";"Success"
"W/""JzE5OzIyNjg4MDk4ODYzNjkwNTIzMDUxOzAwOyc=""";"96e29e54-c81c-ee11-9969-ce909011d161";"10USERTEST";"3000";"10UserTest";"1";"234";"07/07/2023 13.15.32";"07/07/2023 13.15.32";"60005";"BCPT Create SQ with N Lines";"291";"Enter Line Quantity";"";"16";"12";"Success"
"W/""JzE5Ozc5ODIxMDQ5MzMwNjUzMjg2NDcxOzAwOyc=""";"97e29e54-c81c-ee11-9969-ce909011d161";"10USERTEST";"3000";"10UserTest";"1";"235";"07/07/2023 13.15.20";"07/07/2023 13.15.32";"60005";"BCPT Create SQ with N Lines";"291";"Scenario";"";"390";"230";"Success"
"W/""JzE5OzM2ODY4Mzk2NDg3Nzc4NzI3NTgxOzAwOyc=""";"9be29e54-c81c-ee11-9969-ce909011d161";"10USERTEST";"2000";"10UserTest";"1";"236";"07/07/2023 13.15.33";"07/07/2023 13.15.33";"60003";"BCPT Create PO with N Lines";"289";"Add Order";"";"7";"9";"Success"
"W/""JzIwOzE2MzM5Njc1NDIzMTE1MTUwNDI3MTswMDsn""";"9ce29e54-c81c-ee11-9969-ce909011d161";"10USERTEST";"2000";"10UserTest";"1";"237";"07/07/2023 13.15.33";"07/07/2023 13.15.33";"60003";"BCPT Create PO with N Lines";"289";"Enter Account No.";"";"19";"8";"Success"
"W/""JzIwOzEwNzg4ODA4NzAyMDEyMDUzOTkwMTswMDsn""";"9ee29e54-c81c-ee11-9969-ce909011d161";"10USERTEST";"4000";"10UserTest";"1";"238";"07/07/2023 13.15.13";"07/07/2023 13.15.34";"60004";"BCPT Create SO with N Lines";"293";"Scenario";"";"415";"282";"Success"
"W/""JzE5OzQ1MTg3NTM3MjA2OTkzNDQwOTMxOzAwOyc=""";"68a8395b-c81c-ee11-9969-ce909011d161";"10USERTEST";"1000";"10UserTest";"1";"239";"07/07/2023 13.15.38";"07/07/2023 13.15.42";"60007";"BCPT Detail Trial Bal. Report";"286";"Scenario";"";"4477";"5";"Success"
"W/""JzE5OzIwNjc4OTI5MzU3NzQyNTk4MTkxOzAwOyc=""";"b4a78361-c81c-ee11-9969-ce909011d161";"10USERTEST";"2000";"10UserTest";"1";"240";"07/07/2023 13.15.47";"07/07/2023 13.15.47";"60003";"BCPT Create PO with N Lines";"289";"Enter Line Item No.";"";"6";"3";"Success"
"W/""JzE5OzU5Njc4ODIyODA4MTI4NzAxMzAxOzAwOyc=""";"b5a78361-c81c-ee11-9969-ce909011d161";"10USERTEST";"2000";"10UserTest";"1";"241";"07/07/2023 13.15.48";"07/07/2023 13.15.48";"60003";"BCPT Create PO with N Lines";"289";"Enter Line Quantity";"";"7";"6";"Success"
"W/""JzE5OzUyMTQ3MzIyNTMxNjQ3OTkwNDAxOzAwOyc=""";"b6a78361-c81c-ee11-9969-ce909011d161";"10USERTEST";"2000";"10UserTest";"1";"242";"07/07/2023 13.15.33";"07/07/2023 13.15.49";"60003";"BCPT Create PO with N Lines";"289";"Scenario";"";"332";"211";"Success"
